LLD_0,LLD_1,LLD_2,LLD_3,LLD_4,LLD_5,LLD_6,LLD_7,LLD_8,LLD_9,LLD_10,LLD_11,LLD_12,LLD_13,LLD_14,LLD_15,LLD_16,LLD_17,LLD_18,LLD_19,LLD_20,LLD_21,LLD_22,LLD_23,LLD_24,LLD_25,LLD_26,LLD_27,LLD_28,LLD_29,LLD_30,LLD_31,LLD_32,LLD_33,LLD_34,LLD_35,LLD_36,LLD_37,LLD_38,LLD_39,LLD_40,LLD_41,LLD_42,LLD_43,LLD_44,LLD_45,LLD_46,LLD_47,LLD_48,LLD_49,LLD_50,LLD_51,LLD_52,LLD_53,LLD_54,LLD_55,LLD_56,LLD_57,LLD_58,LLD_59,LLD_60,LLD_61,LLD_62,LLD_63,LLD_64
0.0,0.0008971039205789566,0.7417040467262268,0.5051903,0.4083045,0.11065863072872162,0.13994652032852173,0.19521084427833557,0.006804346106946468,0.0252285,0.03564651,0.10060174018144608,0.8158594,0.6663682,0.11120767891407013,3.473094,17.016,0.28,1.35,0.05,0.4381128,0.1176471,0.02768166,0.01730104,0.014926518313586712,0.4583333,0.5239146947860718,0.0005843166,-1.795151710510254,0.3671817,0.2637705,-0.07458795,-0.07232801,1.669355,0.5051903,0.5709342,0.8971418,0.9865649342536926,1.043146,0.07245636,0.15895065665245056,0.29295381903648376,0.7102519,2.14341,1.433159,0.2440026,2.800368,15.232024192810059,0.2525,1.26,0.04,0.30575236678123474,0.14251014590263367,0.04844291,0.01730104,0.01038062,0.4270833,0.5484048128128052,0.00860874,-1.297014,0.1766424,0.1554079,0.0021129772067070007,-0.1167567,0.06879678
0.0,0.001102249138057232,0.005125412717461586,0.0,0.0,4.5751919969916344e-05,-0.00011754175648093224,-0.00019049271941184998,0.0016989093273878098,0.0,0.0,-4.2380765080451965e-05,0.0,0.0,-0.002147714141756296,0.0,0.0,0.0,0.0,0.0,0.0,0.0,0.0,0.0,0.0009011859074234962,0.0,2.0541250705718994e-05,0.0,0.0038681640289723873,0.0,0.0,0.0,0.0,0.0,0.0,0.0,0.0,0.0004285164177417755,0.0,0.0,0.0008628875948488712,0.002003168687224388,0.0,0.0,0.0,0.0,0.0,0.1488746702671051,0.0,0.0,0.0,0.00037259096279740334,-0.0024035396054387093,0.0,0.0,0.0,0.0,-4.921248182654381e-05,0.0,0.0,0.0,0.0,-6.224773824214935e-05,0.0,0.0
0.0,0.0011392789892852306,0.0024906713515520096,0.0,0.0,1.7916783690452576e-05,0.0001593693159520626,-0.00042618997395038605,0.0013177357614040375,0.0,0.0,0.00016262196004390717,0.0,0.0,-0.0015146518126130104,0.0,0.0,0.0,0.0,0.0,0.0,0.0,0.0,0.0,0.0008568214252591133,0.0,-1.6298145055770874e-05,0.0,9.082956239581108e-05,0.0,0.0,0.0,0.0,0.0,0.0,0.0,0.0,-1.5972182154655457e-05,0.0,0.0,-0.00029350630939006805,-7.212162017822266e-05,0.0,0.0,0.0,0.0,0.0,0.11384183913469315,0.0,0.0,0.0,-0.0007822762709110975,-0.00013014581054449081,0.0,0.0,0.0,0.0,2.963002771139145e-06,0.0,0.0,0.0,0.0,-0.0004759598523378372,0.0,0.0
0.0,0.001214579213410616,0.0010156948119401932,0.0,0.0,6.398255936801434e-05,7.497635670006275e-05,-0.0003300560638308525,0.0009051617234945297,0.0,0.0,0.00023241527378559113,0.0,0.0,-0.0008652778342366219,0.0,0.0,0.0,0.0,0.0,0.0,0.0,0.0,0.0,0.0005640527233481407,0.0,5.066394805908203e-05,0.0,-0.0003376007080078125,0.0,0.0,0.0,0.0,0.0,0.0,0.0,0.0,-0.00013184547424316406,0.0,0.0,0.00012201117351651192,0.00014629587531089783,0.0,0.0,0.0,0.0,0.0,0.0920037105679512,0.0,0.0,0.0,9.212247096002102e-05,-0.0002993037924170494,0.0,0.0,0.0,0.0,0.0001245425082743168,0.0,0.0,0.0,0.0,-0.000428810715675354,0.0,0.0
0.0,0.0012487559579312801,0.0007288474589586258,0.0,0.0,0.00010597542859613895,-5.0251372158527374e-05,-0.00021646078675985336,0.0003407895565032959,0.0,0.0,0.00017336569726467133,0.0,0.0,-0.0003646360710263252,0.0,0.0,0.0,0.0,0.0,0.0,0.0,0.0,0.0,0.00015851575881242752,0.0,-6.29425048828125e-05,0.0,-0.00010481011122465134,0.0,0.0,0.0,0.0,0.0,0.0,0.0,0.0,-0.00022106431424617767,0.0,0.0,7.978640496730804e-05,0.0004220958799123764,0.0,0.0,0.0,0.0,0.0,0.06593329459428787,0.0,0.0,0.0,-7.960526272654533e-05,-0.000371499452739954,0.0,0.0,0.0,0.0,-8.562998846173286e-05,0.0,0.0,0.0,0.0,-0.0003649704158306122,0.0,0.0
0.0,0.0012449710629880428,0.0006805639714002609,0.0,0.0,6.142724305391312e-05,-6.496557034552097e-05,-0.00017410889267921448,9.086169302463531e-05,0.0,0.0,0.00010143779218196869,0.0,0.0,-0.00010753516107797623,0.0,0.0,0.0,0.0,0.0,0.0,0.0,0.0,0.0,-0.00017448794096708298,0.0,-3.775209188461304e-05,0.0,0.00022033695131540298,0.0,0.0,0.0,0.0,0.0,0.0,0.0,0.0,-0.00016585923731327057,0.0,0.0,7.592374458909035e-05,0.00037827156484127045,0.0,0.0,0.0,0.0,0.0,0.046387262642383575,0.0,0.0,0.0,-4.086853004992008e-05,-0.0003657909110188484,0.0,0.0,0.0,0.0,-5.8634672313928604e-05,0.0,0.0,0.0,0.0,-9.594112634658813e-05,0.0,0.0
0.0,0.0012300708331167698,0.0006247255951166153,0.0,0.0,7.642549462616444e-05,-4.560709930956364e-05,-0.00017223693430423737,3.283284604549408e-05,0.0,0.0,8.780322968959808e-05,0.0,0.0,-1.9748695194721222e-05,0.0,0.0,0.0,0.0,0.0,0.0,0.0,0.0,0.0,-0.0003890516236424446,0.0,-1.601502299308777e-05,0.0,0.00035431887954473495,0.0,0.0,0.0,0.0,0.0,0.0,0.0,0.0,-0.00012760423123836517,0.0,0.0,-0.00011008419096469879,0.0002348031848669052,0.0,0.0,0.0,0.0,0.0,0.03409267216920853,0.0,0.0,0.0,9.926874190568924e-05,-0.00040546804666519165,0.0,0.0,0.0,0.0,-1.1216383427381516e-05,0.0,0.0,0.0,0.0,-6.748735904693604e-05,0.0,0.0
0.0,0.0012197052128612995,0.0005836635828018188,0.0,0.0,0.00010259938426315784,-3.9278995245695114e-05,-0.00018312502652406693,2.189725637435913e-05,0.0,0.0,9.557045996189117e-05,0.0,0.0,-4.578381776809692e-06,0.0,0.0,0.0,0.0,0.0,0.0,0.0,0.0,0.0,-0.0005097007378935814,0.0,-1.377984881401062e-05,0.0,0.00038466043770313263,0.0,0.0,0.0,0.0,0.0,0.0,0.0,0.0,-0.00011610984802246094,0.0,0.0,-0.000154928769916296,0.00026190467178821564,0.0,0.0,0.0,0.0,0.0,0.026815064251422882,0.0,0.0,0.0,0.00013257632963359356,-0.00038172025233507156,0.0,0.0,0.0,0.0,1.3368669897317886e-05,0.0,0.0,0.0,0.0,-5.9256330132484436e-05,0.0,0.0
0.0,0.0012170551344752312,0.0005661081522703171,0.0,0.0,0.00012079463340342045,-4.272931255400181e-05,-0.00019141007214784622,1.4955177903175354e-05,0.0,0.0,0.00010292232036590576,0.0,0.0,-6.126239895820618e-06,0.0,0.0,0.0,0.0,0.0,0.0,0.0,0.0,0.0,-0.0005725370720028877,0.0,-1.484900712966919e-05,0.0,0.0004008328542113304,0.0,0.0,0.0,0.0,0.0,0.0,0.0,0.0,-0.00011320412158966064,0.0,0.0,-0.00011773873120546341,0.00033192895352840424,0.0,0.0,0.0,0.0,0.0,0.022563166916370392,0.0,0.0,0.0,0.00010706181637942791,-0.0003396328538656235,0.0,0.0,0.0,0.0,2.4873297661542892e-05,0.0,0.0,0.0,0.0,-5.591288208961487e-05,0.0,0.0
0.0,0.0012196660973131657,0.0005589183419942856,0.0,0.0,0.00013085361570119858,-4.701758734881878e-05,-0.00019364804029464722,8.247792720794678e-06,0.0,0.0,0.00010619871318340302,0.0,0.0,-5.065463483333588e-06,0.0,0.0,0.0,0.0,0.0,0.0,0.0,0.0,0.0,-0.0006044264882802963,0.0,-1.3457611203193665e-05,0.0,0.00041624903678894043,0.0,0.0,0.0,0.0,0.0,0.0,0.0,0.0,-0.00011053495109081268,0.0,0.0,-8.11135396361351e-05,0.0003702417016029358,0.0,0.0,0.0,0.0,0.0,0.020198918879032135,0.0,0.0,0.0,7.30264000594616e-05,-0.0003139292821288109,0.0,0.0,0.0,0.0,2.926541492342949e-05,0.0,0.0,0.0,0.0,-5.247630178928375e-05,0.0,0.0
0.0,0.0012242896482348442,0.0005534086376428604,0.0,0.0,0.00013542990200221539,-4.879385232925415e-05,-0.00019184965640306473,2.4493783712387085e-06,0.0,0.0,0.00010695122182369232,0.0,0.0,4.116445779800415e-07,0.0,0.0,0.0,0.0,0.0,0.0,0.0,0.0,0.0,-0.0006211427971720695,0.0,-9.298324584960938e-06,0.0,0.00042130332440137863,0.0,0.0,0.0,0.0,0.0,0.0,0.0,0.0,-0.00010666064918041229,0.0,0.0,-6.213178858160973e-05,0.0003785882145166397,0.0,0.0,0.0,0.0,0.0,0.018987007439136505,0.0,0.0,0.0,4.752608947455883e-05,-0.0003016688860952854,0.0,0.0,0.0,0.0,3.1020957976579666e-05,0.0,0.0,0.0,0.0,-4.9814581871032715e-05,0.0,0.0
0.0,0.0012287367135286331,0.0005477685481309891,0.0,0.0,0.00013705529272556305,-4.810956306755543e-05,-0.0001886291429400444,-2.6728957891464233e-06,0.0,0.0,0.00010680221021175385,0.0,0.0,7.406808435916901e-06,0.0,0.0,0.0,0.0,0.0,0.0,0.0,0.0,0.0,-0.0006307465955615044,0.0,-3.874301910400391e-06,0.0,0.0004121018573641777,0.0,0.0,0.0,0.0,0.0,0.0,0.0,0.0,-0.00010256282985210419,0.0,0.0,-5.445443093776703e-05,0.000374549999833107,0.0,0.0,0.0,0.0,0.0,0.018395818769931793,0.0,0.0,0.0,3.1363917514681816e-05,-0.0002955542877316475,0.0,0.0,0.0,0.0,3.2448675483465195e-05,0.0,0.0,0.0,0.0,-4.754588007926941e-05,0.0,0.0
0.0,0.0012320410460233688,0.0005424264818429947,0.0,0.0,0.00013741105794906616,-4.594423808157444e-05,-0.00018555205315351486,-7.146969437599182e-06,0.0,0.0,0.00010653398931026459,0.0,0.0,1.3501383364200592e-05,0.0,0.0,0.0,0.0,0.0,0.0,0.0,0.0,0.0,-0.0006369771435856819,0.0,1.2703239917755127e-06,0.0,0.00039221998304128647,0.0,0.0,0.0,0.0,0.0,0.0,0.0,0.0,-9.913183748722076e-05,0.0,0.0,-5.145929753780365e-05,0.0003680530935525894,0.0,0.0,0.0,0.0,0.0,0.01806829124689102,0.0,0.0,0.0,2.162158489227295e-05,-0.0002923524007201195,0.0,0.0,0.0,0.0,3.4141819924116135e-05,0.0,0.0,0.0,0.0,-4.5783817768096924e-05,0.0,0.0
0.0,0.0012340573593974113,0.0005378704518079758,0.0,0.0,0.00013736658729612827,-4.323292523622513e-05,-0.00018317997455596924,-1.0747462511062622e-05,0.0,0.0,0.00010632723569869995,0.0,0.0,1.7787329852581024e-05,0.0,0.0,0.0,0.0,0.0,0.0,0.0,0.0,0.0,-0.0006414400413632393,0.0,5.273148417472839e-06,0.0,0.0003677280619740486,0.0,0.0,0.0,0.0,0.0,0.0,0.0,0.0,-9.655393660068512e-05,0.0,0.0,-5.029560998082161e-05,0.00036223791539669037,0.0,0.0,0.0,0.0,0.0,0.017798639833927155,0.0,0.0,0.0,1.5946105122566223e-05,-0.0002907426096498966,0.0,0.0,0.0,0.0,3.5991426557302475e-05,0.0,0.0,0.0,0.0,-4.45246696472168e-05,0.0,0.0
0.0,0.0012350166216492653,0.0005342792719602585,0.0,0.0,0.0001372750848531723,-4.0575163438916206e-05,-0.00018155109137296677,-1.3394281268119812e-05,0.0,0.0,0.00010619498789310455,0.0,0.0,2.03009694814682e-05,0.0,0.0,0.0,0.0,0.0,0.0,0.0,0.0,0.0,-0.0006448114290833473,0.0,7.908791303634644e-06,0.0,0.00034372881054878235,0.0,0.0,0.0,0.0,0.0,0.0,0.0,0.0,-9.459629654884338e-05,0.0,0.0,-5.000969395041466e-05,0.0003577452152967453,0.0,0.0,0.0,0.0,0.0,0.01749870926141739,0.0,0.0,0.0,1.2796372175216675e-05,-0.00028997892513871193,0.0,0.0,0.0,0.0,3.773113712668419e-05,0.0,0.0,0.0,0.0,-4.37125563621521e-05,0.0,0.0
0.0,0.0012352685444056988,0.0005316268652677536,0.0,0.0,0.00013723433949053288,-3.827712498605251e-05,-0.0001805061474442482,-1.5193596482276917e-05,0.0,0.0,0.00010606832802295685,0.0,0.0,2.1523796021938324e-05,0.0,0.0,0.0,0.0,0.0,0.0,0.0,0.0,0.0,-0.0006473958492279053,0.0,9.367242455482483e-06,0.0,0.00032323505729436874,0.0,0.0,0.0,0.0,0.0,0.0,0.0,0.0,-9.29068773984909e-05,0.0,0.0,-5.015730857849121e-05,0.000354548916220665,0.0,0.0,0.0,0.0,0.0,0.01715058833360672,0.0,0.0,0.0,1.1160038411617279e-05,-0.0002896040678024292,0.0,0.0,0.0,0.0,3.9200764149427414e-05,0.0,0.0,0.0,0.0,-4.322454333305359e-05,0.0,0.0
0.0,0.0012351158075034618,0.0005297735333442688,0.0,0.0,0.0001372452825307846,-3.642961382865906e-05,-0.0001798616722226143,-1.6344711184501648e-05,0.0,0.0,0.0001059267669916153,0.0,0.0,2.193450927734375e-05,0.0,0.0,0.0,0.0,0.0,0.0,0.0,0.0,0.0,-0.0006493618711829185,0.0,9.950250387191772e-06,0.0,0.00030733924359083176,0.0,0.0,0.0,0.0,0.0,0.0,0.0,0.0,-9.129568934440613e-05,0.0,0.0,-5.044834688305855e-05,0.000352444127202034,0.0,0.0,0.0,0.0,0.0,0.016770876944065094,0.0,0.0,0.0,1.0377494618296623e-05,-0.00028940755873918533,0.0,0.0,0.0,0.0,4.032766446471214e-05,0.0,0.0,0.0,0.0,-4.296004772186279e-05,0.0,0.0
0.0,0.0012347828596830368,0.0005285497754812241,0.0,0.0,0.00013729161582887173,-3.5028206184506416e-05,-0.00017948169261217117,-1.7037615180015564e-05,0.0,0.0,0.00010577403008937836,0.0,0.0,2.194289118051529e-05,0.0,0.0,0.0,0.0,0.0,0.0,0.0,0.0,0.0,-0.0006508240476250648,0.0,9.993091225624084e-06,0.0,0.00029589608311653137,0.0,0.0,0.0,0.0,0.0,0.0,0.0,0.0,-8.972175419330597e-05,0.0,0.0,-5.071843042969704e-05,0.0003511328250169754,0.0,0.0,0.0,0.0,0.0,0.01638440042734146,0.0,0.0,0.0,1.0038027539849281e-05,-0.0002892855554819107,0.0,0.0,0.0,0.0,4.113418981432915e-05,0.0,0.0,0.0,0.0,-4.2829662561416626e-05,0.0,0.0
0.0,0.001234397292137146,0.0005277805030345917,0.0,0.0,0.0001373563427478075,-3.4005846828222275e-05,-0.00017924979329109192,-1.7428770661354065e-05,0.0,0.0,0.00010561011731624603,0.0,0.0,2.176593989133835e-05,0.0,0.0,0.0,0.0,0.0,0.0,0.0,0.0,0.0,-0.000651901587843895,0.0,9.745359420776367e-06,0.0,0.0002881726250052452,0.0,0.0,0.0,0.0,0.0,0.0,0.0,0.0,-8.822046220302582e-05,0.0,0.0,-5.092564970254898e-05,0.00035035423934459686,0.0,0.0,0.0,0.0,0.0,0.016011543571949005,0.0,0.0,0.0,9.908806532621384e-06,-0.0002891998738050461,0.0,0.0,0.0,0.0,4.167715087532997e-05,0.0,0.0,0.0,0.0,-4.277750849723816e-05,0.0,0.0
0.0,0.0012340424582362175,0.0005273167043924332,0.0,0.0,0.00013741175644099712,-3.327312879264355e-05,-0.00017911475151777267,-1.763366162776947e-05,0.0,0.0,0.00010546110570430756,0.0,0.0,2.154335379600525e-05,0.0,0.0,0.0,0.0,0.0,0.0,0.0,0.0,0.0,-0.000652671791613102,0.0,9.376555681228638e-06,0.0,0.00028323661535978317,0.0,0.0,0.0,0.0,0.0,0.0,0.0,0.0,-8.689425885677338e-05,0.0,0.0,-5.107372999191284e-05,0.0003498997539281845,0.0,0.0,0.0,0.0,0.0,0.0156637504696846,0.0,0.0,0.0,9.872252121567726e-06,-0.00028913188725709915,0.0,0.0,0.0,0.0,4.202080890536308e-05,0.0,0.0,0.0,0.0,-4.275515675544739e-05,0.0,0.0
0.0,0.0012337439693510532,0.0005270540714263916,0.0,0.0,0.0001374492421746254,-3.277929499745369e-05,-0.0001790327951312065,-1.773051917552948e-05,0.0,0.0,0.00010532140731811523,0.0,0.0,2.134963870048523e-05,0.0,0.0,0.0,0.0,0.0,0.0,0.0,0.0,0.0,-0.0006532138213515282,0.0,8.994713425636292e-06,0.0,0.0002802414819598198,0.0,0.0,0.0,0.0,0.0,0.0,0.0,0.0,-8.579343557357788e-05,0.0,0.0,-5.116919055581093e-05,0.00034964270889759064,0.0,0.0,0.0,0.0,0.0,0.015346355736255646,0.0,0.0,0.0,9.874114766716957e-06,-0.0002890871837735176,0.0,0.0,0.0,0.0,4.2238738387823105e-05,0.0,0.0,0.0,0.0,-4.276446998119354e-05,0.0,0.0
0.0,0.001233512070029974,0.0005269087851047516,0.0,0.0,0.00013748765923082829,-3.2446812838315964e-05,-0.0001789843663573265,-1.77677720785141e-05,0.0,0.0,0.00010520778596401215,0.0,0.0,2.1198764443397522e-05,0.0,0.0,0.0,0.0,0.0,0.0,0.0,0.0,0.0,-0.0006535891443490982,0.0,8.651986718177795e-06,0.0,0.00027851294726133347,0.0,0.0,0.0,0.0,0.0,0.0,0.0,0.0,-8.49161297082901e-05,0.0,0.0,-5.122460424900055e-05,0.0003494955599308014,0.0,0.0,0.0,0.0,0.0,0.015059120953083038,0.0,0.0,0.0,9.879469871520996e-06,-0.0002890569157898426,0.0,0.0,0.0,0.0,4.2364466935396194e-05,0.0,0.0,0.0,0.0,-4.276260733604431e-05,0.0,0.0
0.0,0.0012333439663052559,0.00052683986723423,0.0,0.0,0.00013750954531133175,-3.221794031560421e-05,-0.00017895270138978958,-1.7782673239707947e-05,0.0,0.0,0.0001051146537065506,0.0,0.0,2.1088868379592896e-05,0.0,0.0,0.0,0.0,0.0,0.0,0.0,0.0,0.0,-0.0006538508459925652,0.0,8.365139365196228e-06,0.0,0.00027756113559007645,0.0,0.0,0.0,0.0,0.0,0.0,0.0,0.0,-8.427910506725311e-05,0.0,0.0,-5.1254406571388245e-05,0.000349411740899086,0.0,0.0,0.0,0.0,0.0,0.01479969173669815,0.0,0.0,0.0,9.887386113405228e-06,-0.0002890331670641899,0.0,0.0,0.0,0.0,4.243152216076851e-05,0.0,0.0,0.0,0.0,-4.2766332626342773e-05,0.0,0.0
0.0,0.001233221497386694,0.0005268119275569916,0.0,0.0,0.00013752514496445656,-3.206869587302208e-05,-0.0001789350062608719,-1.7778947949409485e-05,0.0,0.0,0.00010504759848117828,0.0,0.0,2.100970596075058e-05,0.0,0.0,0.0,0.0,0.0,0.0,0.0,0.0,0.0,-0.0006540203467011452,0.0,8.143484592437744e-06,0.0,0.0002770600840449333,0.0,0.0,0.0,0.0,0.0,0.0,0.0,0.0,-8.383207023143768e-05,0.0,0.0,-5.127210170030594e-05,0.00034935958683490753,0.0,0.0,0.0,0.0,0.0,0.01456499844789505,0.0,0.0,0.0,9.888550266623497e-06,-0.00028901826590299606,0.0,0.0,0.0,0.0,4.246877506375313e-05,0.0,0.0,0.0,0.0,-4.276260733604431e-05,0.0,0.0
0.0,0.0012331390753388405,0.000526798889040947,0.0,0.0,0.0001375279389321804,-3.197183832526207e-05,-0.00017892196774482727,-1.776963472366333e-05,0.0,0.0,0.00010499544441699982,0.0,0.0,2.096034586429596e-05,0.0,0.0,0.0,0.0,0.0,0.0,0.0,0.0,0.0,-0.0006541376933455467,0.0,7.972121238708496e-06,0.0,0.0002768179401755333,0.0,0.0,0.0,0.0,0.0,0.0,0.0,0.0,-8.353404700756073e-05,0.0,0.0,-5.1277223974466324e-05,0.00034932978451251984,0.0,0.0,0.0,0.0,0.0,0.014351584017276764,0.0,0.0,0.0,9.887618944048882e-06,-0.00028900615870952606,0.0,0.0,0.0,0.0,4.248553887009621e-05,0.0,0.0,0.0,0.0,-4.2766332626342773e-05,0.0,0.0
0.0,0.001233082264661789,0.0005268007516860962,0.0,0.0,0.00013753422535955906,-3.1914329156279564e-05,-0.00017890986055135727,-1.7760321497917175e-05,0.0,0.0,0.0001049526035785675,0.0,0.0,2.092961221933365e-05,0.0,0.0,0.0,0.0,0.0,0.0,0.0,0.0,0.0,-0.0006542140617966652,0.0,7.847324013710022e-06,0.0,0.0002766987308859825,0.0,0.0,0.0,0.0,0.0,0.0,0.0,0.0,-8.334033191204071e-05,0.0,0.0,-5.127768963575363e-05,0.000349314883351326,0.0,0.0,0.0,0.0,0.0,0.014156259596347809,0.0,0.0,0.0,9.885989129543304e-06,-0.0002889968454837799,0.0,0.0,0.0,0.0,4.249298945069313e-05,0.0,0.0,0.0,0.0,-4.2766332626342773e-05,0.0,0.0
0.0,0.0012330440804362297,0.0005268026143312454,0.0,0.0,0.0001375395804643631,-3.1872885301709175e-05,-0.0001789061352610588,-1.7754733562469482e-05,0.0,0.0,0.00010492652654647827,0.0,0.0,2.09147110581398e-05,0.0,0.0,0.0,0.0,0.0,0.0,0.0,0.0,0.0,-0.0006542634218931198,0.0,7.752329111099243e-06,0.0,0.00027664192020893097,0.0,0.0,0.0,0.0,0.0,0.0,0.0,0.0,-8.323416113853455e-05,0.0,0.0,-5.127862095832825e-05,0.0003493037074804306,0.0,0.0,0.0,0.0,0.0,0.01397702842950821,0.0,0.0,0.0,9.885523468255997e-06,-0.0002889912575483322,0.0,0.0,0.0,0.0,4.2493920773267746e-05,0.0,0.0,0.0,0.0,-4.2768195271492004e-05,0.0,0.0
0.0,0.0012330194003880024,0.0005268100649118423,0.0,0.0,0.00013754446990787983,-3.185519017279148e-05,-0.00017890427261590958,-1.775100827217102e-05,0.0,0.0,0.00010490790009498596,0.0,0.0,2.0901672542095184e-05,0.0,0.0,0.0,0.0,0.0,0.0,0.0,0.0,0.0,-0.0006542960181832314,0.0,7.690861821174622e-06,0.0,0.0002766139805316925,0.0,0.0,0.0,0.0,0.0,0.0,0.0,0.0,-8.317269384860992e-05,0.0,0.0,-5.1276758313179016e-05,0.0003492962568998337,0.0,0.0,0.0,0.0,0.0,0.013810999691486359,0.0,0.0,0.0,9.87667590379715e-06,-0.0002889949828386307,0.0,0.0,0.0,0.0,4.249671474099159e-05,0.0,0.0,0.0,0.0,-4.276446998119354e-05,0.0,0.0
0.0,0.0012330040335655212,0.0005268100649118423,0.0,0.0,0.00013754796236753464,-3.184052184224129e-05,-0.00017890240997076035,-1.774914562702179e-05,0.0,0.0,0.00010489672422409058,0.0,0.0,2.08904966711998e-05,0.0,0.0,0.0,0.0,0.0,0.0,0.0,0.0,0.0,-0.0006543183699250221,0.0,7.64802098274231e-06,0.0,0.0002766009420156479,0.0,0.0,0.0,0.0,0.0,0.0,0.0,0.0,-8.313171565532684e-05,0.0,0.0,-5.12758269906044e-05,0.0003492925316095352,0.0,0.0,0.0,0.0,0.0,0.013657428324222565,0.0,0.0,0.0,9.875744581222534e-06,-0.00028899265453219414,0.0,0.0,0.0,0.0,4.249485209584236e-05,0.0,0.0,0.0,0.0,-4.276260733604431e-05,0.0,0.0
0.0,0.001232994720339775,0.0005268137902021408,0.0,0.0,0.0001375481951981783,-3.18323727697134e-05,-0.00017890147864818573,-1.774728298187256e-05,0.0,0.0,0.00010488368570804596,0.0,0.0,2.0889565348625183e-05,0.0,0.0,0.0,0.0,0.0,0.0,0.0,0.0,0.0,-0.000654333271086216,0.0,7.614493370056152e-06,0.0,0.0002765897661447525,0.0,0.0,0.0,0.0,0.0,0.0,0.0,0.0,-8.312240242958069e-05,0.0,0.0,-5.127163603901863e-05,0.00034928880631923676,0.0,0.0,0.0,0.0,0.0,0.013513483107089996,0.0,0.0,0.0,9.872950613498688e-06,-0.0002889949828386307,0.0,0.0,0.0,0.0,4.249298945069313e-05,0.0,0.0,0.0,0.0,-4.2770057916641235e-05,0.0,0.0
0.0,0.0012329905293881893,0.00052681565284729,0.0,0.0,0.0001375486608594656,-3.182305954396725e-05,-0.00017889775335788727,-1.774914562702179e-05,0.0,0.0,0.00010487809777259827,0.0,0.0,2.0889565348625183e-05,0.0,0.0,0.0,0.0,0.0,0.0,0.0,0.0,0.0,-0.0006543407216668129,0.0,7.594004273414612e-06,0.0,0.0002765851095318794,0.0,0.0,0.0,0.0,0.0,0.0,0.0,0.0,-8.310750126838684e-05,0.0,0.0,-5.126930773258209e-05,0.00034928880631923676,0.0,0.0,0.0,0.0,0.0,0.013378091156482697,0.0,0.0,0.0,9.87248495221138e-06,-0.0002889903262257576,0.0,0.0,0.0,0.0,4.2490195482969284e-05,0.0,0.0,0.0,0.0,-4.2768195271492004e-05,0.0,0.0
0.0,0.0012329895980656147,0.0005268175154924393,0.0,0.0,0.00013754540123045444,-3.182189539074898e-05,-0.00017889868468046188,-1.7745420336723328e-05,0.0,0.0,0.00010487250983715057,0.0,0.0,2.0886771380901337e-05,0.0,0.0,0.0,0.0,0.0,0.0,0.0,0.0,0.0,-0.0006543463096022606,0.0,7.579103112220764e-06,0.0,0.0002765776589512825,0.0,0.0,0.0,0.0,0.0,0.0,0.0,0.0,-8.310191333293915e-05,0.0,0.0,-5.127023905515671e-05,0.0003492850810289383,0.0,0.0,0.0,0.0,0.0,0.01325041800737381,0.0,0.0,0.0,9.872950613498688e-06,-0.00028898613527417183,0.0,0.0,0.0,0.0,4.248833283782005e-05,0.0,0.0,0.0,0.0,-4.276446998119354e-05,0.0,0.0
0.0,0.0012329882010817528,0.0005268175154924393,0.0,0.0,0.0001375426072627306,-3.181537613272667e-05,-0.00017889775335788727,-1.7745420336723328e-05,0.0,0.0,0.00010487250983715057,0.0,0.0,2.0884908735752106e-05,0.0,0.0,0.0,0.0,0.0,0.0,0.0,0.0,0.0,-0.0006543481722474098,0.0,7.569789886474609e-06,0.0,0.0002765720710158348,0.0,0.0,0.0,0.0,0.0,0.0,0.0,0.0,-8.310005068778992e-05,0.0,0.0,-5.126744508743286e-05,0.0003492850810289383,0.0,0.0,0.0,0.0,0.0,0.01312846690416336,0.0,0.0,0.0,9.872950613498688e-06,-0.0002889912575483322,0.0,0.0,0.0,0.0,4.248740151524544e-05,0.0,0.0,0.0,0.0,-4.276260733604431e-05,0.0,0.0
0.0,0.0012329877354204655,0.0005268175154924393,0.0,0.0,0.0001375421416014433,-3.1817471608519554e-05,-0.00017889682203531265,-1.7745420336723328e-05,0.0,0.0,0.00010487250983715057,0.0,0.0,2.088397741317749e-05,0.0,0.0,0.0,0.0,0.0,0.0,0.0,0.0,0.0,-0.000654350034892559,0.0,7.560476660728455e-06,0.0,0.00027656834572553635,0.0,0.0,0.0,0.0,0.0,0.0,0.0,0.0,-8.309818804264069e-05,0.0,0.0,-5.126744508743286e-05,0.0003492850810289383,0.0,0.0,0.0,0.0,0.0,0.013011790812015533,0.0,0.0,0.0,9.869225323200226e-06,-0.00028899218887090683,0.0,0.0,0.0,0.0,4.248553887009621e-05,0.0,0.0,0.0,0.0,-4.275515675544739e-05,0.0,0.0
0.0,0.001232984010130167,0.0005268175154924393,0.0,0.0,0.00013754284009337425,-3.181607462465763e-05,-0.00017889495939016342,-1.7745420336723328e-05,0.0,0.0,0.00010486692190170288,0.0,0.0,2.0888634026050568e-05,0.0,0.0,0.0,0.0,0.0,0.0,0.0,0.0,0.0,-0.0006543528288602829,0.0,7.558614015579224e-06,0.0,0.0002765664830803871,0.0,0.0,0.0,0.0,0.0,0.0,0.0,0.0,-8.310005068778992e-05,0.0,0.0,-5.126744508743286e-05,0.0003492850810289383,0.0,0.0,0.0,0.0,0.0,0.012898899614810944,0.0,0.0,0.0,9.867362678050995e-06,-0.0002889903262257576,0.0,0.0,0.0,0.0,4.248460754752159e-05,0.0,0.0,0.0,0.0,-4.275515675544739e-05,0.0,0.0
0.0,0.0012329868040978909,0.00052681565284729,0.0,0.0,0.00013754377141594887,-3.18172387778759e-05,-0.00017889495939016342,-1.7745420336723328e-05,0.0,0.0,0.00010486692190170288,0.0,0.0,2.0887702703475952e-05,0.0,0.0,0.0,0.0,0.0,0.0,0.0,0.0,0.0,-0.0006543509662151337,0.0,7.554888725280762e-06,0.0,0.0002765664830803871,0.0,0.0,0.0,0.0,0.0,0.0,0.0,0.0,-8.310377597808838e-05,0.0,0.0,-5.1264651119709015e-05,0.0003492850810289383,0.0,0.0,0.0,0.0,0.0,0.012789614498615265,0.0,0.0,0.0,9.86643135547638e-06,-0.0002889917232096195,0.0,0.0,0.0,0.0,4.248553887009621e-05,0.0,0.0,0.0,0.0,-4.275515675544739e-05,0.0,0.0
0.0,0.0012329868040978909,0.00052681565284729,0.0,0.0,0.00013754237443208694,-3.1814444810152054e-05,-0.00017889682203531265,-1.7743557691574097e-05,0.0,0.0,0.00010486505925655365,0.0,0.0,2.0889565348625183e-05,0.0,0.0,0.0,0.0,0.0,0.0,0.0,0.0,0.0,-0.0006543518975377083,0.0,7.556751370429993e-06,0.0,0.0002765664830803871,0.0,0.0,0.0,0.0,0.0,0.0,0.0,0.0,-8.310191333293915e-05,0.0,0.0,-5.126418545842171e-05,0.00034928135573863983,0.0,0.0,0.0,0.0,0.0,0.012682594358921051,0.0,0.0,0.0,9.86829400062561e-06,-0.00028899218887090683,0.0,0.0,0.0,0.0,4.248647019267082e-05,0.0,0.0,0.0,0.0,-4.275701940059662e-05,0.0,0.0
0.0,0.0012329872697591782,0.0005268175154924393,0.0,0.0,0.00013754284009337425,-3.181886859238148e-05,-0.00017889775335788727,-1.7745420336723328e-05,0.0,0.0,0.00010486319661140442,0.0,0.0,2.089235931634903e-05,0.0,0.0,0.0,0.0,0.0,0.0,0.0,0.0,0.0,-0.0006543537601828575,0.0,7.5511634349823e-06,0.0,0.00027656275779008865,0.0,0.0,0.0,0.0,0.0,0.0,0.0,0.0,-8.310191333293915e-05,0.0,0.0,-5.126511678099632e-05,0.00034928135573863983,0.0,0.0,0.0,0.0,0.0,0.012577123939990997,0.0,0.0,0.0,9.868759661912918e-06,-0.0002889903262257576,0.0,0.0,0.0,0.0,4.248553887009621e-05,0.0,0.0,0.0,0.0,-4.275888204574585e-05,0.0,0.0
0.0,0.0012329877354204655,0.0005268193781375885,0.0,0.0,0.00013754190877079964,-3.1817471608519554e-05,-0.00017889775335788727,-1.7745420336723328e-05,0.0,0.0,0.00010486505925655365,0.0,0.0,2.0887702703475952e-05,0.0,0.0,0.0,0.0,0.0,0.0,0.0,0.0,0.0,-0.0006543556228280067,0.0,7.5511634349823e-06,0.0,0.0002765646204352379,0.0,0.0,0.0,0.0,0.0,0.0,0.0,0.0,-8.310377597808838e-05,0.0,0.0,-5.1266513764858246e-05,0.00034928321838378906,0.0,0.0,0.0,0.0,0.0,0.01247338205575943,0.0,0.0,0.0,9.867362678050995e-06,-0.0002889903262257576,0.0,0.0,0.0,0.0,4.248740151524544e-05,0.0,0.0,0.0,0.0,-4.275701940059662e-05,0.0,0.0
0.0,0.0012329863384366035,0.0005268175154924393,0.0,0.0,0.00013754190877079964,-3.181840293109417e-05,-0.00017889682203531265,-1.7743557691574097e-05,0.0,0.0,0.00010486505925655365,0.0,0.0,2.0888634026050568e-05,0.0,0.0,0.0,0.0,0.0,0.0,0.0,0.0,0.0,-0.0006543546915054321,0.0,7.5511634349823e-06,0.0,0.00027656275779008865,0.0,0.0,0.0,0.0,0.0,0.0,0.0,0.0,-8.310750126838684e-05,0.0,0.0,-5.12637197971344e-05,0.00034928135573863983,0.0,0.0,0.0,0.0,0.0,0.012369997799396515,0.0,0.0,0.0,9.867362678050995e-06,-0.0002889903262257576,0.0,0.0,0.0,0.0,4.248740151524544e-05,0.0,0.0,0.0,0.0,-4.275515675544739e-05,0.0,0.0
0.0,0.0012329868040978909,0.0005268193781375885,0.0,0.0,0.00013754121027886868,-3.181677311658859e-05,-0.00017889495939016342,-1.7745420336723328e-05,0.0,0.0,0.00010486133396625519,0.0,0.0,2.0887702703475952e-05,0.0,0.0,0.0,0.0,0.0,0.0,0.0,0.0,0.0,-0.0006543528288602829,0.0,7.549300789833069e-06,0.0,0.0002765655517578125,0.0,0.0,0.0,0.0,0.0,0.0,0.0,0.0,-8.310563862323761e-05,0.0,0.0,-5.126744508743286e-05,0.00034928321838378906,0.0,0.0,0.0,0.0,0.0,0.01226712018251419,0.0,0.0,0.0,9.868526831269264e-06,-0.0002889912575483322,0.0,0.0,0.0,0.0,4.248740151524544e-05,0.0,0.0,0.0,0.0,-4.275515675544739e-05,0.0,0.0
0.0,0.0012329858727753162,0.0005268175154924393,0.0,0.0,0.00013754237443208694,-3.181910142302513e-05,-0.00017889775335788727,-1.7745420336723328e-05,0.0,0.0,0.00010486692190170288,0.0,0.0,2.0888634026050568e-05,0.0,0.0,0.0,0.0,0.0,0.0,0.0,0.0,0.0,-0.0006543537601828575,0.0,7.5511634349823e-06,0.0,0.0002765664830803871,0.0,0.0,0.0,0.0,0.0,0.0,0.0,0.0,-8.310191333293915e-05,0.0,0.0,-5.126511678099632e-05,0.00034928135573863983,0.0,0.0,0.0,0.0,0.0,0.012163497507572174,0.0,0.0,0.0,9.867828339338303e-06,-0.0002889907918870449,0.0,0.0,0.0,0.0,4.248647019267082e-05,0.0,0.0,0.0,0.0,-4.275701940059662e-05,0.0,0.0
0.0,0.0012329872697591782,0.0005268175154924393,0.0,0.0,0.00013754237443208694,-3.181654028594494e-05,-0.00017889589071273804,-1.7745420336723328e-05,0.0,0.0,0.00010486319661140442,0.0,0.0,2.0888634026050568e-05,0.0,0.0,0.0,0.0,0.0,0.0,0.0,0.0,0.0,-0.0006543537601828575,0.0,7.5511634349823e-06,0.0,0.0002765655517578125,0.0,0.0,0.0,0.0,0.0,0.0,0.0,0.0,-8.310377597808838e-05,0.0,0.0,-5.12637197971344e-05,0.00034928135573863983,0.0,0.0,0.0,0.0,0.0,0.012060053646564484,0.0,0.0,0.0,9.868526831269264e-06,-0.000288989394903183,0.0,0.0,0.0,0.0,4.248274490237236e-05,0.0,0.0,0.0,0.0,-4.275888204574585e-05,0.0,0.0
0.0,0.0012329863384366035,0.0005268175154924393,0.0,0.0,0.00013754074461758137,-3.181560896337032e-05,-0.00017889868468046188,-1.7745420336723328e-05,0.0,0.0,0.00010486505925655365,0.0,0.0,2.0888634026050568e-05,0.0,0.0,0.0,0.0,0.0,0.0,0.0,0.0,0.0,-0.0006543528288602829,0.0,7.549300789833069e-06,0.0,0.0002765608951449394,0.0,0.0,0.0,0.0,0.0,0.0,0.0,0.0,-8.310563862323761e-05,0.0,0.0,-5.12637197971344e-05,0.00034928321838378906,0.0,0.0,0.0,0.0,0.0,0.011955209076404572,0.0,0.0,0.0,9.867129847407341e-06,-0.0002889903262257576,0.0,0.0,0.0,0.0,4.248553887009621e-05,0.0,0.0,0.0,0.0,-4.275888204574585e-05,0.0,0.0
0.0,0.0012329877354204655,0.0005268175154924393,0.0,0.0,0.00013754493556916714,-3.181258216500282e-05,-0.0001788940280675888,-1.7743557691574097e-05,0.0,0.0,0.00010486505925655365,0.0,0.0,2.0889565348625183e-05,0.0,0.0,0.0,0.0,0.0,0.0,0.0,0.0,0.0,-0.0006543528288602829,0.0,7.5511634349823e-06,0.0,0.0002765608951449394,0.0,0.0,0.0,0.0,0.0,0.0,0.0,0.0,-8.310750126838684e-05,0.0,0.0,-5.1262788474559784e-05,0.00034928135573863983,0.0,0.0,0.0,0.0,0.0,0.01184932142496109,0.0,0.0,0.0,9.867828339338303e-06,-0.000288989394903183,0.0,0.0,0.0,0.0,4.248647019267082e-05,0.0,0.0,0.0,0.0,-4.275888204574585e-05,0.0,0.0
0.0,0.0012329872697591782,0.0005268212407827377,0.0,0.0,0.00013754330575466156,-3.1817005947232246e-05,-0.00017889682203531265,-1.7745420336723328e-05,0.0,0.0,0.00010486692190170288,0.0,0.0,2.0888634026050568e-05,0.0,0.0,0.0,0.0,0.0,0.0,0.0,0.0,0.0,-0.0006543518975377083,0.0,7.5511634349823e-06,0.0,0.00027656275779008865,0.0,0.0,0.0,0.0,0.0,0.0,0.0,0.0,-8.310377597808838e-05,0.0,0.0,-5.12637197971344e-05,0.00034928321838378906,0.0,0.0,0.0,0.0,0.0,0.011741645634174347,0.0,0.0,0.0,9.868061169981956e-06,-0.0002889912575483322,0.0,0.0,0.0,0.0,4.248460754752159e-05,0.0,0.0,0.0,0.0,-4.275515675544739e-05,0.0,0.0
0.0,0.0012329872697591782,0.0005268175154924393,0.0,0.0,0.0001375426072627306,-3.1816307455301285e-05,-0.00017889495939016342,-1.7745420336723328e-05,0.0,0.0,0.00010486692190170288,0.0,0.0,2.0888634026050568e-05,0.0,0.0,0.0,0.0,0.0,0.0,0.0,0.0,0.0,-0.0006543546915054321,0.0,7.5511634349823e-06,0.0,0.00027656368911266327,0.0,0.0,0.0,0.0,0.0,0.0,0.0,0.0,-8.310191333293915e-05,0.0,0.0,-5.126325413584709e-05,0.00034928135573863983,0.0,0.0,0.0,0.0,0.0,0.011632688343524933,0.0,0.0,0.0,9.86945815384388e-06,-0.0002889903262257576,0.0,0.0,0.0,0.0,4.248460754752159e-05,0.0,0.0,0.0,0.0,-4.275701940059662e-05,0.0,0.0
0.0,0.0012329877354204655,0.0005268175154924393,0.0,0.0,0.00013754167594015598,-3.1815143302083015e-05,-0.00017889775335788727,-1.7745420336723328e-05,0.0,0.0,0.00010486878454685211,0.0,0.0,2.0886771380901337e-05,0.0,0.0,0.0,0.0,0.0,0.0,0.0,0.0,0.0,-0.0006543537601828575,0.0,7.547438144683838e-06,0.0,0.00027656275779008865,0.0,0.0,0.0,0.0,0.0,0.0,0.0,0.0,-8.310563862323761e-05,0.0,0.0,-5.126558244228363e-05,0.00034928135573863983,0.0,0.0,0.0,0.0,0.0,0.011521168053150177,0.0,0.0,0.0,9.866897016763687e-06,-0.0002889898605644703,0.0,0.0,0.0,0.0,4.2483676224946976e-05,0.0,0.0,0.0,0.0,-4.275701940059662e-05,0.0,0.0
0.0,0.0012329872697591782,0.0005268175154924393,0.0,0.0,0.00013754237443208694,-3.181584179401398e-05,-0.00017889868468046188,-1.7741695046424866e-05,0.0,0.0,0.00010486505925655365,0.0,0.0,2.0886771380901337e-05,0.0,0.0,0.0,0.0,0.0,0.0,0.0,0.0,0.0,-0.0006543546915054321,0.0,7.5511634349823e-06,0.0,0.0002765581011772156,0.0,0.0,0.0,0.0,0.0,0.0,0.0,0.0,-8.310563862323761e-05,0.0,0.0,-5.126418545842171e-05,0.00034928135573863983,0.0,0.0,0.0,0.0,0.0,0.01140785962343216,0.0,0.0,0.0,9.867828339338303e-06,-0.000288989394903183,0.0,0.0,0.0,0.0,4.248833283782005e-05,0.0,0.0,0.0,0.0,-4.275888204574585e-05,0.0,0.0
0.0,0.001232985407114029,0.0005268175154924393,0.0,0.0,0.0001375426072627306,-3.181677311658859e-05,-0.00017890054732561111,-1.7745420336723328e-05,0.0,0.0,0.00010486505925655365,0.0,0.0,2.0888634026050568e-05,0.0,0.0,0.0,0.0,0.0,0.0,0.0,0.0,0.0,-0.0006543556228280067,0.0,7.547438144683838e-06,0.0,0.0002765581011772156,0.0,0.0,0.0,0.0,0.0,0.0,0.0,0.0,-8.310191333293915e-05,0.0,0.0,-5.1264651119709015e-05,0.00034928321838378906,0.0,0.0,0.0,0.0,0.0,0.01129186898469925,0.0,0.0,0.0,9.868759661912918e-06,-0.0002889907918870449,0.0,0.0,0.0,0.0,4.248553887009621e-05,0.0,0.0,0.0,0.0,-4.275888204574585e-05,0.0,0.0
0.0,0.001232985407114029,0.0005268175154924393,0.0,0.0,0.00013754190877079964,-3.1813979148864746e-05,-0.00017889775335788727,-1.7745420336723328e-05,0.0,0.0,0.00010486505925655365,0.0,0.0,2.088584005832672e-05,0.0,0.0,0.0,0.0,0.0,0.0,0.0,0.0,0.0,-0.0006543556228280067,0.0,7.547438144683838e-06,0.0,0.0002765590324997902,0.0,0.0,0.0,0.0,0.0,0.0,0.0,0.0,-8.310563862323761e-05,0.0,0.0,-5.1264651119709015e-05,0.00034928321838378906,0.0,0.0,0.0,0.0,0.0,0.011173494160175323,0.0,0.0,0.0,9.866897016763687e-06,-0.0002889903262257576,0.0,0.0,0.0,0.0,4.248553887009621e-05,0.0,0.0,0.0,0.0,-4.275888204574585e-05,0.0,0.0
0.0,0.001232985407114029,0.0005268175154924393,0.0,0.0,0.00013754400424659252,-3.1815143302083015e-05,-0.00017889775335788727,-1.7745420336723328e-05,0.0,0.0,0.00010486505925655365,0.0,0.0,2.0886771380901337e-05,0.0,0.0,0.0,0.0,0.0,0.0,0.0,0.0,0.0,-0.0006543556228280067,0.0,7.547438144683838e-06,0.0,0.0002765608951449394,0.0,0.0,0.0,0.0,0.0,0.0,0.0,0.0,-8.310563862323761e-05,0.0,0.0,-5.126325413584709e-05,0.0003492850810289383,0.0,0.0,0.0,0.0,0.0,0.011052258312702179,0.0,0.0,0.0,9.86643135547638e-06,-0.0002889903262257576,0.0,0.0,0.0,0.0,4.248833283782005e-05,0.0,0.0,0.0,0.0,-4.275888204574585e-05,0.0,0.0
0.0,0.0012329849414527416,0.0005268175154924393,0.0,0.0,0.0001375430729240179,-3.1817471608519554e-05,-0.00017889589071273804,-1.7745420336723328e-05,0.0,0.0,0.00010486319661140442,0.0,0.0,2.0886771380901337e-05,0.0,0.0,0.0,0.0,0.0,0.0,0.0,0.0,0.0,-0.0006543556228280067,0.0,7.553026080131531e-06,0.0,0.00027656182646751404,0.0,0.0,0.0,0.0,0.0,0.0,0.0,0.0,-8.310377597808838e-05,0.0,0.0,-5.1264651119709015e-05,0.00034928321838378906,0.0,0.0,0.0,0.0,0.0,0.010927952826023102,0.0,0.0,0.0,9.867362678050995e-06,-0.0002889903262257576,0.0,0.0,0.0,0.0,4.248647019267082e-05,0.0,0.0,0.0,0.0,-4.275888204574585e-05,0.0,0.0
0.0,0.001232985407114029,0.0005268175154924393,0.0,0.0,0.0001375421416014433,-3.181560896337032e-05,-0.00017889495939016342,-1.7745420336723328e-05,0.0,0.0,0.00010486319661140442,0.0,0.0,2.0887702703475952e-05,0.0,0.0,0.0,0.0,0.0,0.0,0.0,0.0,0.0,-0.0006543546915054321,0.0,7.553026080131531e-06,0.0,0.00027656368911266327,0.0,0.0,0.0,0.0,0.0,0.0,0.0,0.0,-8.310377597808838e-05,0.0,0.0,-5.1264651119709015e-05,0.00034928321838378906,0.0,0.0,0.0,0.0,0.0,0.01080072671175003,0.0,0.0,0.0,9.867595508694649e-06,-0.0002889898605644703,0.0,0.0,0.0,0.0,4.248553887009621e-05,0.0,0.0,0.0,0.0,-4.276074469089508e-05,0.0,0.0
0.0,0.0012329863384366035,0.0005268175154924393,0.0,0.0,0.00013754377141594887,-3.181374631822109e-05,-0.00017889775335788727,-1.7745420336723328e-05,0.0,0.0,0.00010486505925655365,0.0,0.0,2.0889565348625183e-05,0.0,0.0,0.0,0.0,0.0,0.0,0.0,0.0,0.0,-0.0006543556228280067,0.0,7.549300789833069e-06,0.0,0.00027656182646751404,0.0,0.0,0.0,0.0,0.0,0.0,0.0,0.0,-8.310191333293915e-05,0.0,0.0,-5.126604810357094e-05,0.0003492850810289383,0.0,0.0,0.0,0.0,0.0,0.010670490562915802,0.0,0.0,0.0,9.868526831269264e-06,-0.0002889903262257576,0.0,0.0,0.0,0.0,4.248553887009621e-05,0.0,0.0,0.0,0.0,-4.275888204574585e-05,0.0,0.0
0.0,0.0012329863384366035,0.00052681565284729,0.0,0.0,0.00013754167594015598,-3.181467764079571e-05,-0.00017889775335788727,-1.7745420336723328e-05,0.0,0.0,0.00010486319661140442,0.0,0.0,2.0888634026050568e-05,0.0,0.0,0.0,0.0,0.0,0.0,0.0,0.0,0.0,-0.0006543556228280067,0.0,7.547438144683838e-06,0.0,0.00027656275779008865,0.0,0.0,0.0,0.0,0.0,0.0,0.0,0.0,-8.310191333293915e-05,0.0,0.0,-5.126418545842171e-05,0.00034928135573863983,0.0,0.0,0.0,0.0,0.0,0.0105365589261055,0.0,0.0,0.0,9.868992492556572e-06,-0.0002889898605644703,0.0,0.0,0.0,0.0,4.248647019267082e-05,0.0,0.0,0.0,0.0,-4.275888204574585e-05,0.0,0.0
0.0,0.0012329868040978909,0.00052681565284729,0.0,0.0,0.00013754400424659252,-3.181304782629013e-05,-0.00017889682203531265,-1.7745420336723328e-05,0.0,0.0,0.00010486505925655365,0.0,0.0,2.0888634026050568e-05,0.0,0.0,0.0,0.0,0.0,0.0,0.0,0.0,0.0,-0.0006543556228280067,0.0,7.5511634349823e-06,0.0,0.00027656368911266327,0.0,0.0,0.0,0.0,0.0,0.0,0.0,0.0,-8.310191333293915e-05,0.0,0.0,-5.126511678099632e-05,0.00034928321838378906,0.0,0.0,0.0,0.0,0.0,0.010399796068668365,0.0,0.0,0.0,9.866664186120033e-06,-0.0002889917232096195,0.0,0.0,0.0,0.0,4.248647019267082e-05,0.0,0.0,0.0,0.0,-4.276446998119354e-05,0.0,0.0
0.0,0.0012329863384366035,0.00052681565284729,0.0,0.0,0.00013754377141594887,-3.181560896337032e-05,-0.00017889868468046188,-1.7741695046424866e-05,0.0,0.0,0.00010486319661140442,0.0,0.0,2.0887702703475952e-05,0.0,0.0,0.0,0.0,0.0,0.0,0.0,0.0,0.0,-0.0006543537601828575,0.0,7.5511634349823e-06,0.0,0.00027656368911266327,0.0,0.0,0.0,0.0,0.0,0.0,0.0,0.0,-8.310563862323761e-05,0.0,0.0,-5.126558244228363e-05,0.0003492850810289383,0.0,0.0,0.0,0.0,0.0,0.010259248316287994,0.0,0.0,0.0,9.86829400062561e-06,-0.00028899218887090683,0.0,0.0,0.0,0.0,4.248740151524544e-05,0.0,0.0,0.0,0.0,-4.275888204574585e-05,0.0,0.0
0.0,0.0012329849414527416,0.0005268175154924393,0.0,0.0,0.00013754237443208694,-3.1817005947232246e-05,-0.00017889682203531265,-1.7745420336723328e-05,0.0,0.0,0.00010486319661140442,0.0,0.0,2.0888634026050568e-05,0.0,0.0,0.0,0.0,0.0,0.0,0.0,0.0,0.0,-0.0006543537601828575,0.0,7.547438144683838e-06,0.0,0.00027656275779008865,0.0,0.0,0.0,0.0,0.0,0.0,0.0,0.0,-8.310377597808838e-05,0.0,0.0,-5.126558244228363e-05,0.00034928135573863983,0.0,0.0,0.0,0.0,0.0,0.010115392506122589,0.0,0.0,0.0,9.86945815384388e-06,-0.0002889903262257576,0.0,0.0,0.0,0.0,4.248740151524544e-05,0.0,0.0,0.0,0.0,-4.275888204574585e-05,0.0,0.0
0.0,0.0012329858727753162,0.0005268175154924393,0.0,0.0,0.0001375421416014433,-3.1815143302083015e-05,-0.00017889775335788727,-1.7745420336723328e-05,0.0,0.0,0.00010486505925655365,0.0,0.0,2.0887702703475952e-05,0.0,0.0,0.0,0.0,0.0,0.0,0.0,0.0,0.0,-0.0006543565541505814,0.0,7.547438144683838e-06,0.0,0.0002765599638223648,0.0,0.0,0.0,0.0,0.0,0.0,0.0,0.0,-8.310191333293915e-05,0.0,0.0,-5.126511678099632e-05,0.00034928135573863983,0.0,0.0,0.0,0.0,0.0,0.00996822863817215,0.0,0.0,0.0,9.868526831269264e-06,-0.0002889903262257576,0.0,0.0,0.0,0.0,4.248833283782005e-05,0.0,0.0,0.0,0.0,-4.275515675544739e-05,0.0,0.0
0.0,0.001232985407114029,0.0005268137902021408,0.0,0.0,0.0001375426072627306,-3.1817471608519554e-05,-0.00017889868468046188,-1.7745420336723328e-05,0.0,0.0,0.00010486133396625519,0.0,0.0,2.0888634026050568e-05,0.0,0.0,0.0,0.0,0.0,0.0,0.0,0.0,0.0,-0.0006543537601828575,0.0,7.549300789833069e-06,0.0,0.00027656275779008865,0.0,0.0,0.0,0.0,0.0,0.0,0.0,0.0,-8.310377597808838e-05,0.0,0.0,-5.126511678099632e-05,0.00034928135573863983,0.0,0.0,0.0,0.0,0.0,0.009816773235797882,0.0,0.0,0.0,9.869690984487534e-06,-0.0002889907918870449,0.0,0.0,0.0,0.0,4.248833283782005e-05,0.0,0.0,0.0,0.0,-4.2751431465148926e-05,0.0,0.0
0.0,0.0012329849414527416,0.0005268175154924393,0.0,0.0,0.00013754167594015598,-3.181467764079571e-05,-0.00017889868468046188,-1.7745420336723328e-05,0.0,0.0,0.00010486133396625519,0.0,0.0,2.0887702703475952e-05,0.0,0.0,0.0,0.0,0.0,0.0,0.0,0.0,0.0,-0.0006543537601828575,0.0,7.547438144683838e-06,0.0,0.00027656275779008865,0.0,0.0,0.0,0.0,0.0,0.0,0.0,0.0,-8.310563862323761e-05,0.0,0.0,-5.1264651119709015e-05,0.0003492850810289383,0.0,0.0,0.0,0.0,0.0,0.00966266542673111,0.0,0.0,0.0,9.871087968349457e-06,-0.00028899218887090683,0.0,0.0,0.0,0.0,4.248647019267082e-05,0.0,0.0,0.0,0.0,-4.2751431465148926e-05,0.0,0.0
0.0,0.0012329872697591782,0.0005268175154924393,0.0,0.0,0.00013754377141594887,-3.1816307455301285e-05,-0.00017889775335788727,-1.7745420336723328e-05,0.0,0.0,0.00010486319661140442,0.0,0.0,2.0888634026050568e-05,0.0,0.0,0.0,0.0,0.0,0.0,0.0,0.0,0.0,-0.0006543518975377083,0.0,7.547438144683838e-06,0.0,0.00027656182646751404,0.0,0.0,0.0,0.0,0.0,0.0,0.0,0.0,-8.310191333293915e-05,0.0,0.0,-5.12637197971344e-05,0.00034928321838378906,0.0,0.0,0.0,0.0,0.0,0.009504295885562897,0.0,0.0,0.0,9.869923815131187e-06,-0.0002889907918870449,0.0,0.0,0.0,0.0,4.248740151524544e-05,0.0,0.0,0.0,0.0,-4.2743980884552e-05,0.0,0.0
0.0,0.0012329863384366035,0.0005268175154924393,0.0,0.0,0.0001375430729240179,-3.1814444810152054e-05,-0.00017889775335788727,-1.7745420336723328e-05,0.0,0.0,0.00010486319661140442,0.0,0.0,2.0884908735752106e-05,0.0,0.0,0.0,0.0,0.0,0.0,0.0,0.0,0.0,-0.0006543546915054321,0.0,7.549300789833069e-06,0.0,0.00027656368911266327,0.0,0.0,0.0,0.0,0.0,0.0,0.0,0.0,-8.310563862323761e-05,0.0,0.0,-5.12637197971344e-05,0.00034928135573863983,0.0,0.0,0.0,0.0,0.0,0.009343065321445465,0.0,0.0,0.0,9.872950613498688e-06,-0.0002889903262257576,0.0,0.0,0.0,0.0,4.248647019267082e-05,0.0,0.0,0.0,0.0,-4.2743980884552e-05,0.0,0.0
0.0,0.0012329872697591782,0.0005268175154924393,0.0,0.0,0.00013754144310951233,-3.181560896337032e-05,-0.00017889868468046188,-1.774914562702179e-05,0.0,0.0,0.00010485947132110596,0.0,0.0,2.0886771380901337e-05,0.0,0.0,0.0,0.0,0.0,0.0,0.0,0.0,0.0,-0.0006543518975377083,0.0,7.5511634349823e-06,0.0,0.00027656275779008865,0.0,0.0,0.0,0.0,0.0,0.0,0.0,0.0,-8.310191333293915e-05,0.0,0.0,-5.1262788474559784e-05,0.00034928321838378906,0.0,0.0,0.0,0.0,0.0,0.009178109467029572,0.0,0.0,0.0,9.874114766716957e-06,-0.0002889903262257576,0.0,0.0,0.0,0.0,4.248553887009621e-05,0.0,0.0,0.0,0.0,-4.273653030395508e-05,0.0,0.0
0.0,0.0012329844757914543,0.0005268212407827377,0.0,0.0,0.00013753981329500675,-3.1815143302083015e-05,-0.0001788996160030365,-1.774914562702179e-05,0.0,0.0,0.00010485760867595673,0.0,0.0,2.0884908735752106e-05,0.0,0.0,0.0,0.0,0.0,0.0,0.0,0.0,0.0,-0.0006543481722474098,0.0,7.547438144683838e-06,0.0,0.0002765646204352379,0.0,0.0,0.0,0.0,0.0,0.0,0.0,0.0,-8.310005068778992e-05,0.0,0.0,-5.126418545842171e-05,0.0003492850810289383,0.0,0.0,0.0,0.0,0.0,0.009010054171085358,0.0,0.0,0.0,9.877840057015419e-06,-0.0002889917232096195,0.0,0.0,0.0,0.0,4.248460754752159e-05,0.0,0.0,0.0,0.0,-4.272162914276123e-05,0.0,0.0
0.0,0.0012329835444688797,0.0005268212407827377,0.0,0.0,0.00013753725215792656,-3.1821196898818016e-05,-0.00017889589071273804,-1.774914562702179e-05,0.0,0.0,0.00010485388338565826,0.0,0.0,2.0888634026050568e-05,0.0,0.0,0.0,0.0,0.0,0.0,0.0,0.0,0.0,-0.0006543444469571114,0.0,7.547438144683838e-06,0.0,0.00027656182646751404,0.0,0.0,0.0,0.0,0.0,0.0,0.0,0.0,-8.310005068778992e-05,0.0,0.0,-5.1262788474559784e-05,0.0003492850810289383,0.0,0.0,0.0,0.0,0.0,0.008839257061481476,0.0,0.0,0.0,9.881099686026573e-06,-0.00028899358585476875,0.0,0.0,0.0,0.0,4.248553887009621e-05,0.0,0.0,0.0,0.0,-4.2708590626716614e-05,0.0,0.0
0.0,0.0012329872697591782,0.0005268137902021408,0.0,0.0,0.00013753585517406464,-3.182375803589821e-05,-0.00017890054732561111,-1.774914562702179e-05,0.0,0.0,0.00010485202074050903,0.0,0.0,2.088584005832672e-05,0.0,0.0,0.0,0.0,0.0,0.0,0.0,0.0,0.0,-0.0006543444469571114,0.0,7.5511634349823e-06,0.0,0.0002765646204352379,0.0,0.0,0.0,0.0,0.0,0.0,0.0,0.0,-8.310191333293915e-05,0.0,0.0,-5.1262322813272476e-05,0.00034928135573863983,0.0,0.0,0.0,0.0,0.0,0.00866476446390152,0.0,0.0,0.0,9.88692045211792e-06,-0.0002889912575483322,0.0,0.0,0.0,0.0,4.2483676224946976e-05,0.0,0.0,0.0,0.0,-4.268810153007507e-05,0.0,0.0
0.0,0.0012329858727753162,0.0005268175154924393,0.0,0.0,0.0001375335268676281,-3.1832605600357056e-05,-0.00017889868468046188,-1.7754733562469482e-05,0.0,0.0,0.00010484643280506134,0.0,0.0,2.088211476802826e-05,0.0,0.0,0.0,0.0,0.0,0.0,0.0,0.0,0.0,-0.000654333271086216,0.0,7.547438144683838e-06,0.0,0.0002765608951449394,0.0,0.0,0.0,0.0,0.0,0.0,0.0,0.0,-8.310191333293915e-05,0.0,0.0,-5.1262788474559784e-05,0.00034927763044834137,0.0,0.0,0.0,0.0,0.0,0.008488304913043976,0.0,0.0,0.0,9.90019179880619e-06,-0.00028898660093545914,0.0,0.0,0.0,0.0,4.2481813579797745e-05,0.0,0.0,0.0,0.0,-4.2654573917388916e-05,0.0,0.0
0.0,0.0012329835444688797,0.00052681565284729,0.0,0.0,0.0001375249121338129,-3.184261731803417e-05,-0.00017890334129333496,-1.7756596207618713e-05,0.0,0.0,0.00010483525693416595,0.0,0.0,2.088397741317749e-05,0.0,0.0,0.0,0.0,0.0,0.0,0.0,0.0,0.0,-0.0006543248891830444,0.0,7.549300789833069e-06,0.0,0.0002765590324997902,0.0,0.0,0.0,0.0,0.0,0.0,0.0,0.0,-8.310191333293915e-05,0.0,0.0,-5.1266513764858246e-05,0.0003492739051580429,0.0,0.0,0.0,0.0,0.0,0.008308924734592438,0.0,0.0,0.0,9.919283911585808e-06,-0.00028898846358060837,0.0,0.0,0.0,0.0,4.247808828949928e-05,0.0,0.0,0.0,0.0,-4.2611733078956604e-05,0.0,0.0
0.0,0.0012329807505011559,0.0005268100649118423,0.0,0.0,0.00013751140795648098,-3.186729736626148e-05,-0.00017890240997076035,-1.7760321497917175e-05,0.0,0.0,0.00010481476783752441,0.0,0.0,2.0884908735752106e-05,0.0,0.0,0.0,0.0,0.0,0.0,0.0,0.0,0.0,-0.0006543071940541267,0.0,7.547438144683838e-06,0.0,0.0002765590324997902,0.0,0.0,0.0,0.0,0.0,0.0,0.0,0.0,-8.310005068778992e-05,0.0,0.0,-5.126930773258209e-05,0.000349266454577446,0.0,0.0,0.0,0.0,0.0,0.008127279579639435,0.0,0.0,0.0,9.951181709766388e-06,-0.00028898194432258606,0.0,0.0,0.0,0.0,4.2473431676626205e-05,0.0,0.0,0.0,0.0,-4.254467785358429e-05,0.0,0.0
0.0,0.0012329742312431335,0.0005268007516860962,0.0,0.0,0.00013749091885983944,-3.1899893656373024e-05,-0.00017890706658363342,-1.7764046788215637e-05,0.0,0.0,0.00010479055345058441,0.0,0.0,2.0888634026050568e-05,0.0,0.0,0.0,0.0,0.0,0.0,0.0,0.0,0.0,-0.000654284842312336,0.0,7.545575499534607e-06,0.0,0.0002765534445643425,0.0,0.0,0.0,0.0,0.0,0.0,0.0,0.0,-8.310005068778992e-05,0.0,0.0,-5.127862095832825e-05,0.00034925155341625214,0.0,0.0,0.0,0.0,0.0,0.007943607866764069,0.0,0.0,0.0,1.0002870112657547e-05,-0.0002889782190322876,0.0,0.0,0.0,0.0,4.2469706386327744e-05,0.0,0.0,0.0,0.0,-4.2438507080078125e-05,0.0,0.0
0.0,0.0012329565361142159,0.0005267895758152008,0.0,0.0,0.00013746111653745174,-3.196415491402149e-05,-0.0001789117231965065,-1.777149736881256e-05,0.0,0.0,0.00010474398732185364,0.0,0.0,2.0888634026050568e-05,0.0,0.0,0.0,0.0,0.0,0.0,0.0,0.0,0.0,-0.0006542447954416275,0.0,7.5511634349823e-06,0.0,0.00027655065059661865,0.0,0.0,0.0,0.0,0.0,0.0,0.0,0.0,-8.310005068778992e-05,0.0,0.0,-5.130749195814133e-05,0.00034922920167446136,0.0,0.0,0.0,0.0,0.0,0.007758118212223053,0.0,0.0,0.0,1.0084128007292747e-05,-0.0002889656461775303,0.0,0.0,0.0,0.0,4.2451079934835434e-05,0.0,0.0,0.0,0.0,-4.2300671339035034e-05,0.0,0.0
0.0,0.0012329351156949997,0.0005267709493637085,0.0,0.0,0.00013740360736846924,-3.2067298889160156e-05,-0.00017891637980937958,-1.7778947949409485e-05,0.0,0.0,0.00010468252003192902,0.0,0.0,2.0886771380901337e-05,0.0,0.0,0.0,0.0,0.0,0.0,0.0,0.0,0.0,-0.000654187984764576,0.0,7.5623393058776855e-06,0.0,0.0002765404060482979,0.0,0.0,0.0,0.0,0.0,0.0,0.0,0.0,-8.310936391353607e-05,0.0,0.0,-5.1348935812711716e-05,0.00034919939935207367,0.0,0.0,0.0,0.0,0.0,0.007570691406726837,0.0,0.0,0.0,1.0215677320957184e-05,-0.00028895121067762375,0.0,0.0,0.0,0.0,4.2430590838193893e-05,0.0,0.0,0.0,0.0,-4.210323095321655e-05,0.0,0.0
0.0,0.0012328997254371643,0.0005267374217510223,0.0,0.0,0.0001373144332319498,-3.223400563001633e-05,-0.00017893221229314804,-1.7782673239707947e-05,0.0,0.0,0.00010458193719387054,0.0,0.0,2.0884908735752106e-05,0.0,0.0,0.0,0.0,0.0,0.0,0.0,0.0,0.0,-0.0006541125476360321,0.0,7.586553692817688e-06,0.0,0.0002765245735645294,0.0,0.0,0.0,0.0,0.0,0.0,0.0,0.0,-8.314661681652069e-05,0.0,0.0,-5.142204463481903e-05,0.0003491472452878952,0.0,0.0,0.0,0.0,0.0,0.007381834089756012,0.0,0.0,0.0,1.0426854714751244e-05,-0.00028892001137137413,0.0,0.0,0.0,0.0,4.238774999976158e-05,0.0,0.0,0.0,0.0,-4.1814520955085754e-05,0.0,0.0
0.0,0.0012328498996794224,0.0005266759544610977,0.0,0.0,0.0001371752005070448,-3.249873407185078e-05,-0.0001789592206478119,-1.7780810594558716e-05,0.0,0.0,0.00010443851351737976,0.0,0.0,2.088211476802826e-05,0.0,0.0,0.0,0.0,0.0,0.0,0.0,0.0,0.0,-0.0006540101021528244,0.0,7.64988362789154e-06,0.0,0.00027650315314531326,0.0,0.0,0.0,0.0,0.0,0.0,0.0,0.0,-8.323602378368378e-05,0.0,0.0,-5.155988037586212e-05,0.0003490615636110306,0.0,0.0,0.0,0.0,0.0,0.007190532982349396,0.0,0.0,0.0,1.07611995190382e-05,-0.0002888687886297703,0.0,0.0,0.0,0.0,4.231603816151619e-05,0.0,0.0,0.0,0.0,-4.139915108680725e-05,0.0,0.0
0.0,0.001232803799211979,0.0005265753716230392,0.0,0.0,0.00013696495443582535,-3.2913172617554665e-05,-0.0001790085807442665,-1.7775222659111023e-05,0.0,0.0,0.00010420940816402435,0.0,0.0,2.087559551000595e-05,0.0,0.0,0.0,0.0,0.0,0.0,0.0,0.0,0.0,-0.0006538769230246544,0.0,7.770955562591553e-06,0.0,0.0002764826640486717,0.0,0.0,0.0,0.0,0.0,0.0,0.0,0.0,-8.338876068592072e-05,0.0,0.0,-5.178619176149368e-05,0.0003489311784505844,0.0,0.0,0.0,0.0,0.0,0.0069971755146980286,0.0,0.0,0.0,1.128227449953556e-05,-0.0002887751907110214,0.0,0.0,0.0,0.0,4.219217225909233e-05,0.0,0.0,0.0,0.0,-4.0803104639053345e-05,0.0,0.0
0.0,0.0012327725999057293,0.0005264058709144592,0.0,0.0,0.00013664714060723782,-3.3535296097397804e-05,-0.00017910636961460114,-1.774728298187256e-05,0.0,0.0,0.00010386854410171509,0.0,0.0,2.0856037735939026e-05,0.0,0.0,0.0,0.0,0.0,0.0,0.0,0.0,0.0,-0.0006537223234772682,0.0,7.985159754753113e-06,0.0,0.00027645938098430634,0.0,0.0,0.0,0.0,0.0,0.0,0.0,0.0,-8.366629481315613e-05,0.0,0.0,-5.216430872678757e-05,0.0003487374633550644,0.0,0.0,0.0,0.0,0.0,0.0067994967103004456,0.0,0.0,0.0,1.2084143236279488e-05,-0.00028859730809926987,0.0,0.0,0.0,0.0,4.1983556002378464e-05,0.0,0.0,0.0,0.0,-3.994256258010864e-05,0.0,0.0
0.0,0.0012328317388892174,0.0005261283367872238,0.0,0.0,0.00013618497177958488,-3.446871414780617e-05,-0.00017929915338754654,-1.7682090401649475e-05,0.0,0.0,0.00010334700345993042,0.0,0.0,2.0810402929782867e-05,0.0,0.0,0.0,0.0,0.0,0.0,0.0,0.0,0.0,-0.0006535695865750313,0.0,8.339062333106995e-06,0.0,0.0002764500677585602,0.0,0.0,0.0,0.0,0.0,0.0,0.0,0.0,-8.407421410083771e-05,0.0,0.0,-5.276314914226532e-05,0.00034843944013118744,0.0,0.0,0.0,0.0,0.0,0.006597496569156647,0.0,0.0,0.0,1.3303011655807495e-05,-0.00028828345239162445,0.0,0.0,0.0,0.0,4.1635241359472275e-05,0.0,0.0,0.0,0.0,-3.869831562042236e-05,0.0,0.0
0.0,0.0012330934405326843,0.0005256477743387222,0.0,0.0,0.00013551604934036732,-3.585615195333958e-05,-0.00017965491861104965,-1.755356788635254e-05,0.0,0.0,0.00010257028043270111,0.0,0.0,2.073589712381363e-05,0.0,0.0,0.0,0.0,0.0,0.0,0.0,0.0,0.0,-0.0006534801796078682,0.0,8.87364149093628e-06,0.0,0.00027648545801639557,0.0,0.0,0.0,0.0,0.0,0.0,0.0,0.0,-8.457526564598083e-05,0.0,0.0,-5.3678639233112335e-05,0.0003480147570371628,0.0,0.0,0.0,0.0,0.0,0.006385482847690582,0.0,0.0,0.0,1.5123747289180756e-05,-0.00028773583471775055,0.0,0.0,0.0,0.0,4.106340929865837e-05,0.0,0.0,0.0,0.0,-3.692321479320526e-05,0.0,0.0
0.0,0.0012337672524154186,0.0005248431116342545,0.0,0.0,0.0001345581840723753,-3.7856632843613625e-05,-0.0001803077757358551,-1.7346814274787903e-05,0.0,0.0,0.00010143034160137177,0.0,0.0,2.0605511963367462e-05,0.0,0.0,0.0,0.0,0.0,0.0,0.0,0.0,0.0,-0.0006535956636071205,0.0,9.626150131225586e-06,0.0,0.00027661677449941635,0.0,0.0,0.0,0.0,0.0,0.0,0.0,0.0,-8.500181138515472e-05,0.0,0.0,-5.500204861164093e-05,0.0003474187105894089,0.0,0.0,0.0,0.0,0.0,0.006164349615573883,0.0,0.0,0.0,1.7764978110790253e-05,-0.00028679100796580315,0.0,0.0,0.0,0.0,4.01022844016552e-05,0.0,0.0,0.0,0.0,-3.4362077713012695e-05,0.0,0.0
0.0,0.0012351758778095245,0.0005235001444816589,0.0,0.0,0.00013319146819412708,-4.066969268023968e-05,-0.00018144864588975906,-1.7033889889717102e-05,0.0,0.0,9.978562593460083e-05,0.0,0.0,2.0378269255161285e-05,0.0,0.0,0.0,0.0,0.0,0.0,0.0,0.0,0.0,-0.0006541954353451729,0.0,1.0542571544647217e-05,0.0,0.0002769501879811287,0.0,0.0,0.0,0.0,0.0,0.0,0.0,0.0,-8.502043783664703e-05,0.0,0.0,-5.682511255145073e-05,0.00034662894904613495,0.0,0.0,0.0,0.0,0.0,0.005919255316257477,0.0,0.0,0.0,2.149236388504505e-05,-0.00028521986678242683,0.0,0.0,0.0,0.0,3.849109634757042e-05,0.0,0.0,0.0,0.0,-3.070756793022156e-05,0.0,0.0
0.0,0.001237756572663784,0.0005212705582380295,0.0,0.0,0.00013118470087647438,-4.4540734961628914e-05,-0.0001833708956837654,-1.6627833247184753e-05,0.0,0.0,9.747035801410675e-05,0.0,0.0,2.001877874135971e-05,0.0,0.0,0.0,0.0,0.0,0.0,0.0,0.0,0.0,-0.0006557805463671684,0.0,1.1455267667770386e-05,0.0,0.0002776980400085449,0.0,0.0,0.0,0.0,0.0,0.0,0.0,0.0,-8.408725261688232e-05,0.0,0.0,-5.913618952035904e-05,0.00034564174711704254,0.0,0.0,0.0,0.0,0.0,0.005657114088535309,0.0,0.0,0.0,2.6539433747529984e-05,-0.0002827206626534462,0.0,0.0,0.0,0.0,3.581354394555092e-05,0.0,0.0,0.0,0.0,-2.555176615715027e-05,0.0,0.0
0.0,0.001242003869265318,0.0005175899714231491,0.0,0.0,0.0001281315926462412,-4.9650901928544044e-05,-0.00018643122166395187,-1.623295247554779e-05,0.0,0.0,9.433366358280182e-05,0.0,0.0,1.9463710486888885e-05,0.0,0.0,0.0,0.0,0.0,0.0,0.0,0.0,0.0,-0.0006592785939574242,0.0,1.1928379535675049e-05,0.0,0.00027931854128837585,0.0,0.0,0.0,0.0,0.0,0.0,0.0,0.0,-8.151493966579437e-05,0.0,0.0,-6.17033801972866e-05,0.00034455209970474243,0.0,0.0,0.0,0.0,0.0,0.005340851843357086,0.0,0.0,0.0,3.302423283457756e-05,-0.00027894414961338043,0.0,0.0,0.0,0.0,3.13841737806797e-05,0.0,0.0,0.0,0.0,-1.8388032913208008e-05,0.0,0.0
0.0,0.001248326152563095,0.00051153264939785,0.0,0.0,0.00012340652756392956,-5.600694566965103e-05,-0.00019102636724710464,-1.6165897250175476e-05,0.0,0.0,9.028613567352295e-05,0.0,0.0,1.8644146621227264e-05,0.0,0.0,0.0,0.0,0.0,0.0,0.0,0.0,0.0,-0.0006662746891379356,0.0,1.115351915359497e-05,0.0,0.00028271228075027466,0.0,0.0,0.0,0.0,0.0,0.0,0.0,0.0,-7.67875462770462e-05,0.0,0.0,-6.392877548933029e-05,0.0003436058759689331,0.0,0.0,0.0,0.0,0.0,0.004997588694095612,0.0,0.0,0.0,4.0763989090919495e-05,-0.0002736356109380722,0.0,0.0,0.0,0.0,2.4201814085245132e-05,0.0,0.0,0.0,0.0,-8.730217814445496e-06,0.0,0.0
0.0,0.0012567187659442425,0.0005015600472688675,0.0,0.0,0.0001161317341029644,-6.324169225990772e-05,-0.00019736681133508682,-1.7095357179641724e-05,0.0,0.0,8.545257151126862e-05,0.0,0.0,1.7405487596988678e-05,0.0,0.0,0.0,0.0,0.0,0.0,0.0,0.0,0.0,-0.0006794361397624016,0.0,7.914379239082336e-06,0.0,0.0002893870696425438,0.0,0.0,0.0,0.0,0.0,0.0,0.0,0.0,-7.019005715847015e-05,0.0,0.0,-6.453506648540497e-05,0.0003433581441640854,0.0,0.0,0.0,0.0,0.0,0.004539944231510162,0.0,0.0,0.0,4.9017369747161865e-05,-0.0002669095993041992,0.0,0.0,0.0,0.0,1.2922566384077072e-05,0.0,0.0,0.0,0.0,3.557652235031128e-06,0.0,0.0
0.0,0.0012662452645599842,0.00048504769802093506,0.0,0.0,0.0001053942833095789,-7.020984776318073e-05,-0.00020508188754320145,-2.0308420062065125e-05,0.0,0.0,8.033029735088348e-05,0.0,0.0,1.5613622963428497e-05,0.0,0.0,0.0,0.0,0.0,0.0,0.0,0.0,0.0,-0.0007031075656414032,0.0,6.761401891708374e-07,0.0,0.000301264226436615,0.0,0.0,0.0,0.0,0.0,0.0,0.0,0.0,-6.351247429847717e-05,0.0,0.0,-6.137136369943619e-05,0.00034480728209018707,0.0,0.0,0.0,0.0,0.0,0.004059500992298126,0.0,0.0,0.0,5.6164106354117393e-05,-0.0002596685662865639,0.0,0.0,0.0,0.0,-3.939960151910782e-06,0.0,0.0,0.0,0.0,1.771003007888794e-05,0.0,0.0
0.0,0.0012744227424263954,0.00045768357813358307,0.0,0.0,9.082909673452377e-05,-7.444759830832481e-05,-0.00021267030388116837,-2.7960166335105896e-05,0.0,0.0,7.610581815242767e-05,0.0,0.0,1.3154931366443634e-05,0.0,0.0,0.0,0.0,0.0,0.0,0.0,0.0,0.0,-0.0007442058995366096,0.0,-1.181475818157196e-05,0.0,0.00031954236328601837,0.0,0.0,0.0,0.0,0.0,0.0,0.0,0.0,-6.072968244552612e-05,0.0,0.0,-5.1330775022506714e-05,0.0003496576100587845,0.0,0.0,0.0,0.0,0.0,0.0033475831151008606,0.0,0.0,0.0,5.948217585682869e-05,-0.0002541346475481987,0.0,0.0,0.0,0.0,-2.740742638707161e-05,0.0,0.0,0.0,0.0,3.0918046832084656e-05,0.0,0.0
0.0,0.0012767869047820568,0.00041277892887592316,0.0,0.0,7.369788363575935e-05,-7.172487676143646e-05,-0.00021690968424081802,-4.31109219789505e-05,0.0,0.0,7.492117583751678e-05,0.0,0.0,1.0164454579353333e-05,0.0,0.0,0.0,0.0,0.0,0.0,0.0,0.0,0.0,-0.0008134171366691589,0.0,-2.9359012842178345e-05,0.0,0.00034206919372081757,0.0,0.0,0.0,0.0,0.0,0.0,0.0,0.0,-6.753765046596527e-05,0.0,0.0,-3.0842144042253494e-05,0.00036039017140865326,0.0,0.0,0.0,0.0,0.0,0.0026863887906074524,0.0,0.0,0.0,5.526561290025711e-05,-0.0002540741115808487,0.0,0.0,0.0,0.0,-5.672639235854149e-05,0.0,0.0,0.0,0.0,3.7126243114471436e-05,0.0,0.0
0.0,0.0012672711163759232,0.00034111179411411285,0.0,0.0,5.8241887018084526e-05,-5.589728243649006e-05,-0.00021294225007295609,-6.932951509952545e-05,0.0,0.0,8.00061970949173e-05,0.0,0.0,7.725320756435394e-06,0.0,0.0,0.0,0.0,0.0,0.0,0.0,0.0,0.0,-0.0009266501292586327,0.0,-4.83877956867218e-05,0.0,0.0003601638600230217,0.0,0.0,0.0,0.0,0.0,0.0,0.0,0.0,-8.862465620040894e-05,0.0,0.0,2.53971666097641e-06,0.000380123034119606,0.0,0.0,0.0,0.0,0.0,0.0015725865960121155,0.0,0.0,0.0,3.9777252823114395e-05,-0.0002637431025505066,0.0,0.0,0.0,0.0,-8.724210783839226e-05,0.0,0.0,0.0,0.0,2.650916576385498e-05,0.0,0.0
0.0,0.0012404564768075943,0.0002317037433385849,0.0,0.0,5.1933107897639275e-05,-2.0283740013837814e-05,-0.00019632745534181595,-0.00010918639600276947,0.0,0.0,9.534694254398346e-05,0.0,0.0,9.032897651195526e-06,0.0,0.0,0.0,0.0,0.0,0.0,0.0,0.0,0.0,-0.0011064466089010239,0.0,-6.0109421610832214e-05,0.0,0.00035865139216184616,0.0,0.0,0.0,0.0,0.0,0.0,0.0,0.0,-0.00012205727398395538,0.0,0.0,4.7116540372371674e-05,0.00041192956268787384,0.0,0.0,0.0,0.0,0.0,0.0008196011185646057,0.0,0.0,0.0,1.1501368135213852e-05,-0.00028431182727217674,0.0,0.0,0.0,0.0,-0.0001080031506717205,0.0,0.0,0.0,0.0,-1.1041760444641113e-05,0.0,0.0
0.0,0.0011965679004788399,7.240846753120422e-05,0.0,0.0,6.234459578990936e-05,3.862171433866024e-05,-0.0001686355099081993,-0.00016122497618198395,0.0,0.0,0.0001244284212589264,0.0,0.0,2.1412037312984467e-05,0.0,0.0,0.0,0.0,0.0,0.0,0.0,0.0,0.0,-0.0013819336891174316,0.0,-5.0965696573257446e-05,0.0,0.00032635778188705444,0.0,0.0,0.0,0.0,0.0,0.0,0.0,0.0,-0.0001521427184343338,0.0,0.0,9.341910481452942e-05,0.0004573725163936615,0.0,0.0,0.0,0.0,0.0,-0.000813998281955719,0.0,0.0,0.0,-2.5344546884298325e-05,-0.00030697137117385864,0.0,0.0,0.0,0.0,-0.00010092323645949364,0.0,0.0,0.0,0.0,-7.457658648490906e-05,0.0,0.0
0.0,0.0011487780138850212,-0.00015541724860668182,0.0,0.0,8.74917022883892e-05,0.00011433055624365807,-0.00014630239456892014,-0.00021514669060707092,0.0,0.0,0.00016791187226772308,0.0,0.0,5.763676017522812e-05,0.0,0.0,0.0,0.0,0.0,0.0,0.0,0.0,0.0,-0.00178441870957613,0.0,-9.34302806854248e-06,0.0,0.00028147920966148376,0.0,0.0,0.0,0.0,0.0,0.0,0.0,0.0,-0.00014703348278999329,0.0,0.0,0.00012430688366293907,0.0005151648074388504,0.0,0.0,0.0,0.0,0.0,-0.0011028125882148743,0.0,0.0,0.0,-5.814293399453163e-05,-0.0003055189736187458,0.0,0.0,0.0,0.0,-4.585040733218193e-05,0.0,0.0,0.0,0.0,-0.00013180449604988098,0.0,0.0
0.0,0.001127956435084343,-0.0005000792443752289,0.0,0.0,0.00010022521018981934,0.00018434831872582436,-0.0001656869426369667,-0.0002456270158290863,0.0,0.0,0.00022066570818424225,0.0,0.0,0.00013332534581422806,0.0,0.0,0.0,0.0,0.0,0.0,0.0,0.0,0.0,-0.0023316098377108574,0.0,5.718320608139038e-05,0.0,0.0002972166985273361,0.0,0.0,0.0,0.0,0.0,0.0,0.0,0.0,-7.284805178642273e-05,0.0,0.0,0.00012812577188014984,0.0005834568291902542,0.0,0.0,0.0,0.0,0.0,-0.003197185695171356,0.0,0.0,0.0,-6.983266212046146e-05,-0.00023905420675873756,0.0,0.0,0.0,0.0,6.258627399802208e-05,0.0,0.0,0.0,0.0,-0.00010831281542778015,0.0,0.0
0.0,0.0011727698147296906,-0.001088099554181099,0.0,0.0,3.825523890554905e-05,0.00021630176343023777,-0.0002655657008290291,-0.00020297616720199585,0.0,0.0,0.00027013011276721954,0.0,0.0,0.00025479402393102646,0.0,0.0,0.0,0.0,0.0,0.0,0.0,0.0,0.0,-0.002988104708492756,0.0,9.856745600700378e-05,0.0,0.00047543272376060486,0.0,0.0,0.0,0.0,0.0,0.0,0.0,0.0,6.526894867420197e-05,0.0,0.0,0.00013487506657838821,0.000673249363899231,0.0,0.0,0.0,0.0,0.0,-0.001429133117198944,0.0,0.0,0.0,-5.909125320613384e-05,-8.156709372997284e-05,0.0,0.0,0.0,0.0,0.00018420210108160973,0.0,0.0,0.0,0.0,5.860812962055206e-05,0.0,0.0
0.0,0.0012883199378848076,-0.002161668613553047,0.0,0.0,-0.0001713570673018694,0.00020390748977661133,-0.00042595062404870987,1.1937692761421204e-05,0.0,0.0,0.00029888376593589783,0.0,0.0,0.0004014149308204651,0.0,0.0,0.0,0.0,0.0,0.0,0.0,0.0,0.0,-0.003584287129342556,0.0,2.3808330297470093e-05,0.0,0.0008027208968997002,0.0,0.0,0.0,0.0,0.0,0.0,0.0,0.0,0.0001692492514848709,0.0,0.0,0.0002578180283308029,0.0008360613137483597,0.0,0.0,0.0,0.0,0.0,-0.004470504820346832,0.0,0.0,0.0,-7.790769450366497e-05,0.00012685172259807587,0.0,0.0,0.0,0.0,0.00020799366757273674,0.0,0.0,0.0,0.0,0.00024573132395744324,0.0,0.0
0.0,0.0013782773166894913,-0.00395599938929081,0.0,0.0,-0.0005337342154234648,0.00021228333935141563,-0.0005021998658776283,0.0006254669278860092,0.0,0.0,0.0002939533442258835,0.0,0.0,0.0005506817251443863,0.0,0.0,0.0,0.0,0.0,0.0,0.0,0.0,0.0,-0.003680865280330181,0.0,-0.00019993074238300323,0.0,0.000948428176343441,0.0,0.0,0.0,0.0,0.0,0.0,0.0,0.0,6.311014294624329e-05,0.0,0.0,0.0006379992701113224,0.001162465661764145,0.0,0.0,0.0,0.0,0.0,0.0012531504034996033,0.0,0.0,0.0,-0.0002368306741118431,0.0003030048683285713,0.0,0.0,0.0,0.0,5.490612238645554e-06,0.0,0.0,0.0,0.0,2.61012464761734e-05,0.0,0.0
0.0,0.001246788538992405,-0.006161404773592949,0.0,0.0,-0.0009602757636457682,0.00024293223395943642,-0.00038020405918359756,0.002141866832971573,0.0,0.0,0.0002564806491136551,0.0,0.0,0.0008599394932389259,0.0,0.0,0.0,0.0,0.0,0.0,0.0,0.0,0.0,-0.002402030862867832,0.0,-0.0003071073442697525,0.0,0.00040652789175510406,0.0,0.0,0.0,0.0,0.0,0.0,0.0,0.0,-0.0002677459269762039,0.0,0.0,0.0011229459196329117,0.0015785172581672668,0.0,0.0,0.0,0.0,0.0,-0.0037043318152427673,0.0,0.0,0.0,-0.0005094108637422323,0.0005761263892054558,0.0,0.0,0.0,0.0,-0.0003065834753215313,0.0,0.0,0.0,0.0,-0.000645739957690239,0.0,0.0
0.0,0.0008818348869681358,-0.007005160674452782,0.0,0.0,-0.0015915976837277412,-0.0003821873106062412,-0.0005714967846870422,0.005230803042650223,0.0,0.0,0.00013465993106365204,0.0,0.0,0.00183951947838068,0.0,0.0,0.0,0.0,0.0,0.0,0.0,0.0,0.0,0.001629621721804142,0.0,0.00023597106337547302,0.0,-0.0004834001883864403,0.0,0.0,0.0,0.0,0.0,0.0,0.0,0.0,-0.00028587132692337036,0.0,0.0,0.0010536788031458855,0.0012307744473218918,0.0,0.0,0.0,0.0,0.0,0.0069912150502204895,0.0,0.0,0.0,-0.00024309614673256874,0.001293419860303402,0.0,0.0,0.0,0.0,-3.4605152904987335e-05,0.0,0.0,0.0,0.0,2.697855234146118e-05,0.0,0.0
0.0,0.0005393843166530132,-0.004589984193444252,0.0,0.0,-0.0011144683230668306,-0.0012921241577714682,-0.0004474753513932228,0.008509774692356586,0.0,0.0,5.640648305416107e-05,0.0,0.0,0.002376612275838852,0.0,0.0,0.0,0.0,0.0,0.0,0.0,0.0,0.0,0.009257516823709011,0.0,-0.0001156385987997055,0.0,-0.0010945373214781284,0.0,0.0,0.0,0.0,0.0,0.0,0.0,0.0,-0.00026926957070827484,0.0,0.0,0.001357808243483305,-4.945322871208191e-06,0.0,0.0,0.0,0.0,0.0,0.013036750257015228,0.0,0.0,0.0,0.0003187272232025862,0.0015776753425598145,0.0,0.0,0.0,0.0,-6.4837746322155e-05,0.0,0.0,0.0,0.0,0.001552768051624298,0.0,0.0
